{"target": -1.2418512105941772, "params": {"lr": 0.004228517846555483}, "datetime": {"datetime": "2021-05-28 17:41:54", "elapsed": 0.0, "delta": 0.0}}
